,sum_sq,df,F,PR(>F),eta_squared
archetype,22.91510126241355,3.0,273.8326062983397,2.616847429804743e-74,0.26954087650940634
weather_scenario,13.238902902305535,2.0,237.30486141568642,7.4703704340871155e-56,0.1557237496551438
fabric,17.99000697725051,1.0,644.9350288474741,1.319829779462698e-67,0.2116090255735448
archetype × weather_scenario,1.5919227703523842,6.0,9.511639425881226,2.653618353968698e-09,0.01872513038202782
archetype × fabric,22.842994330503505,3.0,272.9709374420257,3.4451054840011345e-74,0.2686927124359917
weather_scenario × fabric,0.24384892976312034,2.0,4.370946513530464,0.013744978656118569,0.002868294296915943
Residual,6.1925331549856555,222.0,,,0.07284021114696962
